{"cameraMode":{"drawMode":0,"name":"Shaded","section":"Shading Mode"},"sceneLighting":false,"audioPlay":false,"sceneViewState":{"showFog":true,"showMaterialUpdate":false,"showSkybox":true,"showFlares":true,"showImageEffects":true,"showParticleSystems":true},"in2DMode":false,"pivot":{"x":6.920000076293945,"y":4.763999938964844,"z":-13.09000015258789},"rotation":{"x":-0.008256528526544571,"y":0.9910066723823547,"z":-0.07327906042337418,"w":-0.1116589903831482},"size":1.7551195621490479,"orthographic":false}